scenario,median_time_ms,p95_time_ms,p99_time_ms
"sac,TX=6000,T=8",267.02496099999917,296.94789934999915,389.6719698600014
"soroswap,TX=2000,T=8",261.54111250000096,273.9153510500005,283.90730266000463
