scenario,median_time_ms,p95_time_ms,p99_time_ms
"sac,TX=6400,T=8",364.9950180000005,390.88022690000145,418.1237754299999
"soroswap,TX=2000,T=8",304.40999700000066,338.21430824999953,357.93725052000474
