scenario,median_time_ms,p95_time_ms,p99_time_ms
"sac,TX=6000,T=8",276.39003449999836,301.3891680999991,365.8489816299996
"soroswap,TX=2000,T=8",276.6832770000019,285.4787958999987,289.2871601100041
