scenario,median_time_ms,p95_time_ms,p99_time_ms
"sac,TX=3200,T=1",348.6932005000017,395.12184564999995,409.27602225000237
"sac,TX=3200,T=8",242.59525600000052,266.3564931000006,277.14852171
"custom_token,TX=1600,T=1",310.3890900000006,343.3200991000005,352.79791974000204
"custom_token,TX=1600,T=8",163.62422350000043,180.21471705000042,187.8724304600013
"soroswap,TX=1000,T=1",469.7830955000027,495.3508111500008,504.3309423599958
"soroswap,TX=1000,T=8",183.22680400000036,199.4422209999998,211.36548991000078
