scenario,median_time_ms,p95_time_ms,p99_time_ms
"sac,TX=6000,T=8",292.31244849999894,313.01763555000036,342.56978271999947
"soroswap,TX=2000,T=8",290.40800050000144,309.05879674999983,334.1327435399996
