scenario,median_time_ms,p95_time_ms,p99_time_ms
"sac,TX=6000,T=8",278.01061649999974,299.8542160500006,343.8882942299986
"soroswap,TX=2000,T=8",276.27580150000176,286.92843350000476,291.3244381800017
