scenario,median_time_ms,p95_time_ms,p99_time_ms
"sac,TX=6400,T=8",330.44605200000115,371.4623860999957,396.4715491799979
"soroswap,TX=2000,T=8",290.16832749999776,314.1264261500018,339.71414428
