scenario,median_time_ms,p95_time_ms,p99_time_ms
"sac,TX=6400,T=8",340.40887699999803,370.5916770499998,383.04708962000126
"soroswap,TX=2000,T=8",289.26667050000106,313.2658120999999,327.35148516
