scenario,median_time_ms,p95_time_ms,p99_time_ms
"sac,TX=6000,T=8",302.98690200000055,324.09983199999766,382.29947101999625
"soroswap,TX=2000,T=8",320.18672400000105,330.17282555000014,335.4895282199954
