scenario,median_time_ms,p95_time_ms,p99_time_ms
"sac,TX=3200,T=1",337.0062885000008,388.6413382500008,449.63406636999326
"sac,TX=3200,T=8",234.05063849999988,256.48933750000083,264.29044799000235
"custom_token,TX=1600,T=1",310.4716815000029,334.2666388999983,343.7057104299992
"custom_token,TX=1600,T=8",159.46541449999904,179.4608217500015,195.17456334999972
"soroswap,TX=1000,T=1",444.1408194999967,479.7950516499987,504.93647869998614
"soroswap,TX=1000,T=8",170.7175889999994,191.4872912999981,200.91390174999842
