scenario,median_time_ms,p95_time_ms,p99_time_ms
"sac,TX=6000,T=8",295.61573050000015,328.7440419999991,393.00205451999705
"soroswap,TX=2000,T=8",298.5660630000002,339.95425799999566,540.3299608799944
