scenario,median_time_ms,p95_time_ms,p99_time_ms
"sac,TX=6000,T=4",324.07550900000024,352.16570440000066,379.46496479999814
"sac,TX=6000,T=8",293.38733449999916,323.9856271000007,382.5119701899984
"soroswap,TX=2000,T=4",330.4178344999982,347.13102990000016,370.0462763299945
"soroswap,TX=2000,T=8",276.9402689999988,286.472441,294.02732022
