scenario,median_time_ms,p95_time_ms,p99_time_ms
"sac,TX=6000,T=8",309.7532060000017,337.13432085000034,403.8435811000021
"soroswap,TX=2000,T=8",322.76440600000024,330.6539191999967,335.67165543000004
