scenario,median_time_ms,p95_time_ms,p99_time_ms
"sac,TX=6000,T=8",270.587805000001,291.28754879999815,326.0609172800001
"soroswap,TX=2000,T=8",272.897876,281.69206190000006,294.92688797999995
