scenario,median_time_ms,p95_time_ms,p99_time_ms
"sac,TX=6000,T=8",269.68189150000035,287.17899709999733,326.53190987000085
"soroswap,TX=2000,T=8",266.30726850000065,277.29950540000044,292.6709004500029
