scenario,median_time_ms,p95_time_ms,p99_time_ms
"sac,TX=6000,T=8",296.7612915000004,317.2491209500022,330.91791561000105
"soroswap,TX=2000,T=8",290.51760699999977,302.4176922000035,307.2130293200004
