scenario,median_time_ms,p95_time_ms,p99_time_ms
"sac,TX=6000,T=8",267.81879299999855,283.27539544999956,340.5178390399997
"soroswap,TX=2000,T=8",264.57259149999936,272.2614704000006,275.17113442000027
