scenario,median_time_ms,p95_time_ms,p99_time_ms
"sac,TX=6000,T=8",441.18013450000205,465.8904742000019,552.0887845999988
"soroswap,TX=2000,T=8",434.17723000000115,446.9836316000023,449.55842912999975
