scenario,median_time_ms,p95_time_ms,p99_time_ms
"sac,TX=6000,T=8",270.93836100000044,284.99335670000124,331.06976985999904
"soroswap,TX=2000,T=8",279.76293200000055,294.22634054999725,310.0344663399998
