scenario,median_time_ms,p95_time_ms,p99_time_ms
"sac,TX=6000,T=8",283.4433465000002,315.205038899999,428.1181410499985
"soroswap,TX=2000,T=8",283.32952900000237,316.6993022500009,352.94730027000367
