scenario,median_time_ms,p95_time_ms,p99_time_ms
"sac,TX=6000,T=8",296.44116399999984,320.38707485,424.19759831999625
"soroswap,TX=2000,T=8",291.5103200000003,306.5246028500007,310.1667135400017
