scenario,median_time_ms,p95_time_ms,p99_time_ms
"sac,TX=6400,T=8",327.18347600000016,353.84432075000024,361.8529038600003
"soroswap,TX=2000,T=8",288.05430000000024,305.0689516499977,312.16205694
