scenario,median_time_ms,p95_time_ms,p99_time_ms
"sac,TX=6000,T=8",284.15268249999826,302.53056060000125,317.2524478499992
"soroswap,TX=2000,T=8",278.44946849999997,288.64425754999894,305.71366253999975
