scenario,median_time_ms,p95_time_ms,p99_time_ms
"sac,TX=6000,T=8",271.65246900000056,289.2791192000026,324.95472405999914
"soroswap,TX=2000,T=8",264.8635964999994,273.96326340000036,277.94512618000005
