scenario,median_time_ms,p95_time_ms,p99_time_ms
"sac,TX=6400,T=8",368.5834584999984,396.59533984999763,403.51299860999353
"soroswap,TX=2000,T=8",300.42117399999916,314.03491325000005,334.28346156000015
