scenario,median_time_ms,p95_time_ms,p99_time_ms
"sac,TX=6000,T=8",320.4642620000004,343.63857145000003,422.32713107999984
"soroswap,TX=2000,T=8",327.2026160000005,337.5788561000003,343.5993138999989
