scenario,median_time_ms,p95_time_ms,p99_time_ms
"sac,TX=6400,T=8",436.07469150000276,485.9168611499957,528.8747089399915
"soroswap,TX=2000,T=8",326.20780399999785,348.9805106999982,358.6937325800009
