scenario,median_time_ms,p95_time_ms,p99_time_ms
"sac,TX=6400,T=8",362.2770375,420.96580845000426,455.33413229
"soroswap,TX=2000,T=8",310.21677499999987,341.8749283499989,383.1990824699985
