scenario,median_time_ms,p95_time_ms,p99_time_ms
"sac,TX=6000,T=8",268.75913299999957,293.12935219999963,318.0013615999997
"soroswap,TX=2000,T=8",260.3968994999982,337.6564257000006,458.8638931899988
