scenario,median_time_ms,p95_time_ms,p99_time_ms
"sac,TX=6000,T=8",274.28553100000136,290.1803144999989,314.21511202000056
"soroswap,TX=2000,T=8",268.50975299999936,277.05379439999854,281.8499191499999
