scenario,median_time_ms,p95_time_ms,p99_time_ms
"sac,TX=6400,T=8",329.24190499999986,373.53184695000033,397.775294300003
"soroswap,TX=2000,T=8",296.4359220000015,344.32887349999777,376.06210408999885
