scenario,median_time_ms,p95_time_ms,p99_time_ms
"sac,TX=6000,T=8",299.192310500001,324.6014327499979,340.0854710599999
"soroswap,TX=2000,T=8",281.3952765000013,293.3767347999994,302.0336510599996
