scenario,median_time_ms,p95_time_ms,p99_time_ms
"sac,TX=6400,T=8",395.58866450000096,438.6982891999973,501.72643382000035
"soroswap,TX=2000,T=8",321.122631500004,348.51275189999996,368.4388761800012
