scenario,median_time_ms,p95_time_ms,p99_time_ms
"sac,TX=3200,T=1",316.87564600000405,342.05008529999867,358.4165310299993
"sac,TX=3200,T=8",210.82947749999948,235.41631355000035,247.66588434000028
"custom_token,TX=1600,T=1",294.94135599999936,323.27958394999735,335.3970549099996
"custom_token,TX=1600,T=8",136.31600800000024,151.25250469999955,157.71860535000087
"soroswap,TX=1000,T=1",449.36899600000106,481.23976025000013,509.2973847999979
"soroswap,TX=1000,T=8",149.22892349999984,157.78476389999915,162.52508470000006
