scenario,median_time_ms,p95_time_ms,p99_time_ms
"sac,TX=6000,T=8",294.9947880000018,316.94227060000105,410.32577009999915
"soroswap,TX=2000,T=8",288.77526399999806,309.8888275999992,324.6649272000002
