scenario,median_time_ms,p95_time_ms,p99_time_ms
"sac,TX=6000,T=8",324.2766330000013,341.9100457499987,353.94665909000366
"soroswap,TX=2000,T=8",322.3792585000001,333.1826229999996,343.8624080200047
