scenario,median_time_ms,p95_time_ms,p99_time_ms
"sac,TX=6400,T=8",375.2826795000001,438.8403444500014,461.4794060800021
"soroswap,TX=2000,T=8",289.81965599999967,320.8945824999995,336.73836508999995
