scenario,median_time_ms,p95_time_ms,p99_time_ms
"sac,TX=6000,T=8",295.5761569999995,318.9594789500003,377.46487406000205
"soroswap,TX=2000,T=8",289.9657774999978,301.45708414999757,303.2289033600016
