scenario,median_time_ms,p95_time_ms,p99_time_ms
"sac,TX=6000,T=8",274.51747850000174,296.6478601500009,317.4686014599998
"soroswap,TX=2000,T=8",273.67290050000156,319.0286395999974,341.25832586000195
