scenario,median_time_ms,p95_time_ms,p99_time_ms
"sac,TX=6000,T=8",288.92504899999904,306.6344543500021,426.4303043499985
"soroswap,TX=2000,T=8",285.39787499999943,301.8459850999989,313.9241371300006
