scenario,median_time_ms,p95_time_ms,p99_time_ms
"sac,TX=6000,T=8",292.9980134999987,319.35549875,324.95072003000286
"soroswap,TX=2000,T=8",278.5330185000006,294.7521563999994,301.21983189999787
