scenario,median_time_ms,p95_time_ms,p99_time_ms
"sac,TX=6000,T=8",340.23341300000175,359.6205532500022,444.1217678999972
"soroswap,TX=2000,T=8",342.77207149999595,356.16389849999956,367.87064586000025
