scenario,median_time_ms,p95_time_ms,p99_time_ms
"sac,TX=6000,T=8",306.5120859999997,352.4830447000011,608.457864329995
"soroswap,TX=2000,T=8",279.2812640000011,296.39281219999964,309.3585219499985
