scenario,median_time_ms,p95_time_ms,p99_time_ms
"sac,TX=6000,T=8",272.99092099999825,322.8997941000019,372.07850249999615
"soroswap,TX=2000,T=8",269.391593999997,293.2120057499957,311.06030639
