scenario,median_time_ms,p95_time_ms,p99_time_ms
"sac,TX=3200,T=1",317.36833950000073,346.0546270999955,364.6077094000002
"sac,TX=3200,T=8",222.9674964999997,245.2108910999993,277.0722631500002
"custom_token,TX=1600,T=1",312.5857700000015,352.9685434000006,362.55444965000123
"custom_token,TX=1600,T=8",145.79237549999925,160.84162685000044,170.23076048
"soroswap,TX=1000,T=1",456.0760085000038,488.4370092500004,500.31908881999897
"soroswap,TX=1000,T=8",158.78761050000094,169.3807307000006,173.3558620100007
