scenario,median_time_ms,p95_time_ms,p99_time_ms
"sac,TX=6000,T=8",307.9920889999994,358.75615689999813,430.29756399999854
"soroswap,TX=2000,T=8",308.49339549999786,319.1345579499987,328.68561533000064
