scenario,median_time_ms,p95_time_ms,p99_time_ms
"sac,TX=6000,T=8",430.8101934999977,458.2286446500013,483.91517774999556
"soroswap,TX=2000,T=8",412.8890434999994,427.82196270000446,444.51662709999954
