scenario,median_time_ms,p95_time_ms,p99_time_ms
"sac,TX=6000,T=8",418.072494,447.5226866499957,525.00830402999
"soroswap,TX=2000,T=8",416.23491900000045,437.36059730000375,465.86003378000095
