scenario,median_time_ms,p95_time_ms,p99_time_ms
"sac,TX=6000,T=8",261.5577735000006,278.9837973500001,393.98954343999736
"soroswap,TX=2000,T=8",259.6676050000042,266.23776794999986,268.51610720999975
