scenario,median_time_ms,p95_time_ms,p99_time_ms
"sac,TX=6000,T=8",308.3182444999984,337.3322537000055,349.71665157999996
"soroswap,TX=2000,T=8",291.97859250000147,312.8984856000042,377.8656988399945
