scenario,median_time_ms,p95_time_ms,p99_time_ms
"sac,TX=6400,T=8",329.63098399999944,359.6558688500015,380.81766883999853
"soroswap,TX=2000,T=8",292.29312350000146,311.3080553000018,320.16834895000085
