scenario,median_time_ms,p95_time_ms,p99_time_ms
"sac,TX=6400,T=8",436.134504499998,493.71972780000374,556.0407145600002
"soroswap,TX=2000,T=8",365.93702199999825,451.21002499999895,473.27885619000057
