scenario,median_time_ms,p95_time_ms,p99_time_ms
"sac,TX=6400,T=8",401.8173324999989,430.26089995000143,453.6081958999998
"soroswap,TX=2000,T=8",341.2120980000036,356.7726545000081,369.1247017300002
