scenario,median_time_ms,p95_time_ms,p99_time_ms
"sac,TX=6000,T=8",288.37191000000166,321.9656486499996,361.8636631400005
"soroswap,TX=2000,T=8",280.0082509999984,304.6466113499998,322.79903048000006
