scenario,median_time_ms,p95_time_ms,p99_time_ms
"sac,TX=6000,T=8",276.71507550000024,296.28653394999964,345.51598738999905
"soroswap,TX=2000,T=8",277.46808150000015,285.91364985000246,292.21156505999755
