scenario,median_time_ms,p95_time_ms,p99_time_ms
"sac,TX=6400,T=8",398.4012569999977,459.05771504999905,506.17170688999937
"soroswap,TX=2000,T=8",316.35481249999975,353.4277508000006,380.2311362600001
