scenario,median_time_ms,p95_time_ms,p99_time_ms
"sac,TX=6400,T=8",385.01857949999794,437.02460649999557,457.1543735799977
"soroswap,TX=2000,T=8",306.8610790000005,321.94696354999917,332.79232695000155
