scenario,median_time_ms,p95_time_ms,p99_time_ms
"sac,TX=6000,T=8",291.6672129999988,316.6658835500017,354.9863563099991
"soroswap,TX=2000,T=8",286.2086560000025,295.00923899999975,302.3163538000004
