scenario,median_time_ms,p95_time_ms,p99_time_ms
"sac,TX=6000,T=8",299.81486300000324,322.7034167000005,389.79938459999755
"soroswap,TX=2000,T=8",303.12285650000194,312.58898160000007,317.5003167199977
