scenario,median_time_ms,p95_time_ms,p99_time_ms
"sac,TX=3200,T=1",322.9975675000005,348.8423988000006,380.21173682999887
"sac,TX=3200,T=8",227.38690899999892,250.0006931499993,260.29676706999953
"custom_token,TX=1600,T=1",308.1659649999997,330.4373707500009,347.41956414999964
"custom_token,TX=1600,T=8",150.65184649999992,164.35087679999995,168.08713427000038
"soroswap,TX=1000,T=1",477.5879510000086,539.8670865999983,585.6553417600018
"soroswap,TX=1000,T=8",177.90089249999983,199.301519649996,209.90552744999786
