scenario,median_time_ms,p95_time_ms,p99_time_ms
"sac,TX=6400,T=8",365.74236700000074,403.91725049999803,423.410349519993
"soroswap,TX=2000,T=8",315.9667809999992,351.90522820000075,397.0369427499969
