scenario,median_time_ms,p95_time_ms,p99_time_ms
"sac,TX=6000,T=8",262.549246499997,280.25116554999835,400.0436945999987
"soroswap,TX=2000,T=8",262.84885900000154,270.7123578000024,277.2026597099996
